price,volume,operating_profit,contribution_margin
80,6000,-48000.0,0.4
80,7000,-16000.0,0.4
80,8000,16000.0,0.4
80,9000,48000.0,0.4
80,10000,80000.0,0.4
80,11000,112000.0,0.4
80,12000,144000.0,0.4
80,13000,176000.0,0.4
80,14000,208000.0,0.4
85,6000,-18000.0,0.43529411764705883
85,7000,19000.0,0.43529411764705883
85,8000,56000.0,0.43529411764705883
85,9000,93000.0,0.43529411764705883
85,10000,130000.0,0.43529411764705883
85,11000,167000.0,0.43529411764705883
85,12000,204000.0,0.43529411764705883
85,13000,241000.0,0.43529411764705883
85,14000,278000.0,0.43529411764705883
90,6000,12000.0,0.4666666666666667
90,7000,54000.0,0.4666666666666667
90,8000,96000.0,0.4666666666666667
90,9000,138000.0,0.4666666666666667
90,10000,180000.0,0.4666666666666667
90,11000,222000.0,0.4666666666666667
90,12000,264000.0,0.4666666666666667
90,13000,306000.0,0.4666666666666667
90,14000,348000.0,0.4666666666666667
95,6000,42000.0,0.49473684210526314
95,7000,89000.0,0.49473684210526314
95,8000,136000.0,0.49473684210526314
95,9000,183000.0,0.49473684210526314
95,10000,230000.0,0.49473684210526314
95,11000,277000.0,0.49473684210526314
95,12000,324000.0,0.49473684210526314
95,13000,371000.0,0.49473684210526314
95,14000,418000.0,0.49473684210526314
100,6000,72000.0,0.52
100,7000,124000.0,0.52
100,8000,176000.0,0.52
100,9000,228000.0,0.52
100,10000,280000.0,0.52
100,11000,332000.0,0.52
100,12000,384000.0,0.52
100,13000,436000.0,0.52
100,14000,488000.0,0.52
105,6000,102000.0,0.5428571428571428
105,7000,159000.0,0.5428571428571428
105,8000,216000.0,0.5428571428571428
105,9000,273000.0,0.5428571428571428
105,10000,330000.0,0.5428571428571428
105,11000,387000.0,0.5428571428571428
105,12000,444000.0,0.5428571428571428
105,13000,501000.0,0.5428571428571428
105,14000,558000.0,0.5428571428571428
110,6000,132000.0,0.5636363636363636
110,7000,194000.0,0.5636363636363636
110,8000,256000.0,0.5636363636363636
110,9000,318000.0,0.5636363636363636
110,10000,380000.0,0.5636363636363636
110,11000,442000.0,0.5636363636363636
110,12000,504000.0,0.5636363636363636
110,13000,566000.0,0.5636363636363636
110,14000,628000.0,0.5636363636363636
115,6000,162000.0,0.5826086956521739
115,7000,229000.0,0.5826086956521739
115,8000,296000.0,0.5826086956521739
115,9000,363000.0,0.5826086956521739
115,10000,430000.0,0.5826086956521739
115,11000,497000.0,0.5826086956521739
115,12000,564000.0,0.5826086956521739
115,13000,631000.0,0.5826086956521739
115,14000,698000.0,0.5826086956521739
120,6000,192000.0,0.6
120,7000,264000.0,0.6
120,8000,336000.0,0.6
120,9000,408000.0,0.6
120,10000,480000.0,0.6
120,11000,552000.0,0.6
120,12000,624000.0,0.6
120,13000,696000.0,0.6
120,14000,768000.0,0.6
125,6000,222000.0,0.616
125,7000,299000.0,0.616
125,8000,376000.0,0.616
125,9000,453000.0,0.616
125,10000,530000.0,0.616
125,11000,607000.0,0.616
125,12000,684000.0,0.616
125,13000,761000.0,0.616
125,14000,838000.0,0.616
130,6000,252000.0,0.6307692307692307
130,7000,334000.0,0.6307692307692307
130,8000,416000.0,0.6307692307692307
130,9000,498000.0,0.6307692307692307
130,10000,580000.0,0.6307692307692307
130,11000,662000.0,0.6307692307692307
130,12000,744000.0,0.6307692307692307
130,13000,826000.0,0.6307692307692307
130,14000,908000.0,0.6307692307692307
135,6000,282000.0,0.6444444444444445
135,7000,369000.0,0.6444444444444445
135,8000,456000.0,0.6444444444444445
135,9000,543000.0,0.6444444444444445
135,10000,630000.0,0.6444444444444445
135,11000,717000.0,0.6444444444444445
135,12000,804000.0,0.6444444444444445
135,13000,891000.0,0.6444444444444445
135,14000,978000.0,0.6444444444444445
140,6000,312000.0,0.6571428571428571
140,7000,404000.0,0.6571428571428571
140,8000,496000.0,0.6571428571428571
140,9000,588000.0,0.6571428571428571
140,10000,680000.0,0.6571428571428571
140,11000,772000.0,0.6571428571428571
140,12000,864000.0,0.6571428571428571
140,13000,956000.0,0.6571428571428571
140,14000,1048000.0,0.6571428571428571
